[{"line":2,"elements":[{"start_timestamp":"2023-12-10T09:42:15.639Z","line":5,"name":"As a user, I should be able to log in using correct registered data","description":"","id":"checkout;as-a-user--i-should-be-able-to-log-in-using-correct-registered-data","type":"scenario","keyword":"Scenario","steps":[{"result":{"duration":1994216000,"status":"passed"},"line":6,"name":"user navigate to url \"https://www.saucedemo.com/\"","match":{"arguments":[{"val":"\"https://www.saucedemo.com/\"","offset":21}],"location":"binar.steps.commonStep.navigateToUrl(java.lang.String)"},"keyword":"Given "},{"result":{"duration":449945000,"status":"passed"},"line":7,"name":"user login using \"standard user\"","match":{"arguments":[{"val":"\"standard user\"","offset":17}],"location":"binar.steps.loginStep.loginAs(java.lang.String)"},"keyword":"When "},{"result":{"duration":194992800,"status":"passed"},"line":8,"name":"user click Add To Cart button on product","match":{"location":"binar.steps.checkoutStep.user_click_Add_To_Cart()"},"keyword":"* "},{"result":{"duration":621637100,"status":"passed"},"line":9,"name":"user do checkout","match":{"location":"binar.steps.checkoutStep.user_do_checkout()"},"keyword":"* "},{"result":{"duration":61024900,"status":"passed"},"line":10,"name":"verify checkout successfully","match":{"location":"binar.steps.checkoutStep.verify_checkout_successfully()"},"keyword":"Then "},{"result":{"duration":215945000,"status":"passed"},"line":11,"name":"user take screenshot \"user-checkout-successfully\"","match":{"arguments":[{"val":"\"user-checkout-successfully\"","offset":21}],"location":"binar.steps.commonStep.userTakeScreenshot(java.lang.String)"},"keyword":"* "}],"tags":[{"name":"@checkout"},{"name":"@checkout"}]}],"name":"Checkout","description":"","id":"checkout","keyword":"Feature","uri":"file:src/test/java/binar/features/checkoutProduct.feature","tags":[{"name":"@checkout","type":"Tag","location":{"line":1,"column":1}}]},{"line":2,"elements":[{"start_timestamp":"2023-12-10T09:42:20.865Z","line":5,"name":"As a user, I should be able to log in using correct registered data","description":"","id":"login;as-a-user--i-should-be-able-to-log-in-using-correct-registered-data","type":"scenario","keyword":"Scenario","steps":[{"result":{"duration":1761403100,"status":"passed"},"line":6,"name":"user navigate to url \"https://www.saucedemo.com/\"","match":{"arguments":[{"val":"\"https://www.saucedemo.com/\"","offset":21}],"location":"binar.steps.commonStep.navigateToUrl(java.lang.String)"},"keyword":"Given "},{"result":{"duration":357472700,"status":"passed"},"line":7,"name":"user login using \"standard user\"","match":{"arguments":[{"val":"\"standard user\"","offset":17}],"location":"binar.steps.loginStep.loginAs(java.lang.String)"},"keyword":"When "},{"result":{"duration":77791900,"status":"passed"},"line":8,"name":"user direct to dashboard screen","match":{"location":"binar.steps.loginStep.userDirectToDashboardScreen()"},"keyword":"Then "},{"result":{"duration":213429100,"status":"passed"},"line":9,"name":"user take screenshot \"user-login-successfully\"","match":{"arguments":[{"val":"\"user-login-successfully\"","offset":21}],"location":"binar.steps.commonStep.userTakeScreenshot(java.lang.String)"},"keyword":"* "}],"tags":[{"name":"@login"},{"name":"@login"}]},{"start_timestamp":"2023-12-10T09:42:24.809Z","line":20,"name":"As a user, I should be able to log in using correct registered data","description":"","id":"login;as-a-user--i-should-be-able-to-log-in-using-correct-registered-data;;2","type":"scenario","keyword":"Scenario Outline","steps":[{"result":{"duration":1765187600,"status":"passed"},"line":13,"name":"user navigate to url \"https://www.saucedemo.com/\"","match":{"arguments":[{"val":"\"https://www.saucedemo.com/\"","offset":21}],"location":"binar.steps.commonStep.navigateToUrl(java.lang.String)"},"keyword":"Given "},{"result":{"duration":310950100,"status":"passed"},"line":14,"name":"user login using \"locked out user\"","match":{"arguments":[{"val":"\"locked out user\"","offset":17}],"location":"binar.steps.loginStep.loginAs(java.lang.String)"},"keyword":"When "},{"result":{"duration":41677400,"status":"passed"},"line":15,"name":"error alert exist with value \"Epic sadface: Sorry, this user has been locked out.\"","match":{"arguments":[{"val":"\"Epic sadface: Sorry, this user has been locked out.\"","offset":29}],"location":"binar.steps.loginStep.errorAlertExist(java.lang.String)"},"keyword":"Then "},{"result":{"duration":179450000,"status":"passed"},"line":16,"name":"user take screenshot \"user-login-successfully\"","match":{"arguments":[{"val":"\"user-login-successfully\"","offset":21}],"location":"binar.steps.commonStep.userTakeScreenshot(java.lang.String)"},"keyword":"* "}],"tags":[{"name":"@login"},{"name":"@login"}]}],"name":"Login","description":"","id":"login","keyword":"Feature","uri":"file:src/test/java/binar/features/login.feature","tags":[{"name":"@login","type":"Tag","location":{"line":1,"column":1}}]},{"line":2,"elements":[{"start_timestamp":"2023-12-10T09:42:28.521Z","line":5,"name":"As a user, I should be able to log in using correct registered data","description":"","id":"checkout;as-a-user--i-should-be-able-to-log-in-using-correct-registered-data","type":"scenario","keyword":"Scenario","steps":[{"result":{"duration":1805311400,"status":"passed"},"line":6,"name":"user navigate to url \"https://www.saucedemo.com/\"","match":{"arguments":[{"val":"\"https://www.saucedemo.com/\"","offset":21}],"location":"binar.steps.commonStep.navigateToUrl(java.lang.String)"},"keyword":"Given "},{"result":{"duration":386808900,"status":"passed"},"line":7,"name":"user login using \"standard user\"","match":{"arguments":[{"val":"\"standard user\"","offset":17}],"location":"binar.steps.loginStep.loginAs(java.lang.String)"},"keyword":"When "},{"result":{"duration":148087500,"status":"passed"},"line":8,"name":"user select filter price high to low","match":{"location":"binar.steps.sortingStep.user_select_filter()"},"keyword":"* "},{"result":{"duration":132642000,"status":"passed"},"line":9,"name":"compare first product price with second product price","match":{"location":"binar.steps.sortingStep.compare_product_price()"},"keyword":"Then "},{"result":{"duration":241399000,"status":"passed"},"line":10,"name":"user take screenshot \"user-sorting-high-to-low-successfully\"","match":{"arguments":[{"val":"\"user-sorting-high-to-low-successfully\"","offset":21}],"location":"binar.steps.commonStep.userTakeScreenshot(java.lang.String)"},"keyword":"* "}],"tags":[{"name":"@sorting"},{"name":"@sorting"}]}],"name":"Checkout","description":"","id":"checkout","keyword":"Feature","uri":"file:src/test/java/binar/features/sorting.feature","tags":[{"name":"@sorting","type":"Tag","location":{"line":1,"column":1}}]}]